{
    "portfolio_id": "PF_5B1F60D3CC80",
    "realized_pnl": 727.2,
    "net_pnl_usd": 727.2,
    "max_dd_usd": -282.6599999999962,
    "max_dd_pct": -0.02641934090913305,
    "return_dd_ratio": 2.5727021863723545,
    "sharpe": 1.4045757172037492,
    "cagr": 0.04453829592062175,
    "avg_concurrent": 0.1982064842492527,
    "max_concurrent": 2,
    "p95_concurrent": 2.0,
    "dd_max_concurrent": 2,
    "full_load_cluster": true,
    "peak_capital_deployed": 10000.0,
    "capital_overextension_ratio": 1.0,
    "avg_pairwise_corr": 0.0,
    "max_pairwise_corr_stress": 0.0,
    "reference_capital_usd": 10000,
    "total_trades": 248,
    "portfolio_net_profit_low_vol": 364.38,
    "portfolio_net_profit_normal_vol": 239.01999999999998,
    "portfolio_net_profit_high_vol": 123.80000000000001,
    "signal_timeframes": "15m",
    "evaluation_timeframe": "1D",
    "k_ratio": 48.87532423968043,
    "win_rate": 30.64516129032258,
    "profit_factor": 1.7643633458765167,
    "expectancy": 2.9322580645161294,
    "exposure_pct": 9.910324212462635,
    "equity_stability_k_ratio": 48.87532423968043
}