{
    "portfolio_id": "PF_7E368AF4FBF1",
    "realized_pnl": 3009.8900000000003,
    "net_pnl_usd": 3009.8900000000003,
    "max_dd_usd": -447.5099999999984,
    "max_dd_pct": -0.021276373198739644,
    "return_dd_ratio": 6.725860874617352,
    "sharpe": 0.8327932897513726,
    "cagr": 0.013956194429265656,
    "avg_concurrent": 0.6905448320908129,
    "max_concurrent": 5,
    "p95_concurrent": 4.0,
    "dd_max_concurrent": 2,
    "full_load_cluster": false,
    "peak_capital_deployed": 25000.0,
    "capital_overextension_ratio": 1.25,
    "avg_pairwise_corr": 0.014584491137204864,
    "max_pairwise_corr_stress": NaN,
    "reference_capital_usd": 20000,
    "total_trades": 440,
    "portfolio_net_profit_low_vol": 992.9,
    "portfolio_net_profit_normal_vol": 726.27,
    "portfolio_net_profit_high_vol": 1290.72,
    "signal_timeframes": "1d|1h|4h",
    "evaluation_timeframe": "1D",
    "k_ratio": 125.75016627507696,
    "win_rate": 65.45454545454545,
    "profit_factor": 1.6546441194062314,
    "expectancy": 6.840659090909091,
    "exposure_pct": 50.20270726818171,
    "equity_stability_k_ratio": 125.75016627507696
}