{
    "portfolio_id": "PF_4D6A3C429085",
    "realized_pnl": 636.17,
    "net_pnl_usd": 636.17,
    "max_dd_usd": -57.25000000000091,
    "max_dd_pct": -0.011213485170778128,
    "return_dd_ratio": 11.11213973799109,
    "sharpe": 1.1914765118438075,
    "cagr": 0.061975161337720186,
    "avg_concurrent": 0.31783300881915016,
    "max_concurrent": 3,
    "p95_concurrent": 3.0,
    "dd_max_concurrent": 3,
    "full_load_cluster": true,
    "peak_capital_deployed": 15000.0,
    "capital_overextension_ratio": 3.0,
    "avg_pairwise_corr": 0.0,
    "max_pairwise_corr_stress": 0.0,
    "reference_capital_usd": 5000,
    "total_trades": 114,
    "portfolio_net_profit_low_vol": 0.0,
    "portfolio_net_profit_normal_vol": 502.72,
    "portfolio_net_profit_high_vol": 133.45,
    "signal_timeframes": "1h",
    "evaluation_timeframe": "1D",
    "k_ratio": 51.234234594112145,
    "win_rate": 77.19298245614034,
    "profit_factor": 3.1806807664621397,
    "expectancy": 5.580438596491228,
    "exposure_pct": 22.569006986599476,
    "equity_stability_k_ratio": 51.234234594112145
}